dir	html	mode	puml
databases/Teil01 Grundlagen/database/BWL/Auswahl & Bewertung/Leasing/finanzierungs_sortiermaschine	databases/Teil01 Grundlagen/database/BWL/Auswahl & Bewertung/Leasing/finanzierungs_sortiermaschine/_ghtml_finanzierungs_sortiermaschine.html	redirect	databases/Teil01 Grundlagen/database/BWL/Auswahl & Bewertung/Leasing/finanzierungs_sortiermaschine/__dokumentation/__02_plans/__sequence_diagram.puml
databases/Teil01 Grundlagen/database/BWL/Auswahl & Bewertung/Leasing/leasing_gutachter	databases/Teil01 Grundlagen/database/BWL/Auswahl & Bewertung/Leasing/leasing_gutachter/_ghtml_leasing_gutachter.html	redirect	databases/Teil01 Grundlagen/database/BWL/Auswahl & Bewertung/Leasing/leasing_gutachter/__dokumentation/__02_plans/__sequence_diagram.puml
databases/Teil01 Grundlagen/database/BWL/Auswahl & Bewertung/Leasing/leasing_kalkulator_challenge	databases/Teil01 Grundlagen/database/BWL/Auswahl & Bewertung/Leasing/leasing_kalkulator_challenge/_ghtml_leasing_kalkulator_challenge.html	redirect	databases/Teil01 Grundlagen/database/BWL/Auswahl & Bewertung/Leasing/leasing_kalkulator_challenge/__dokumentation/__02_plans/__sequence_diagram.puml
databases/Teil01 Grundlagen/database/BWL/Auswahl & Bewertung/Leasing/risk_finder_das_kleingedruckte	databases/Teil01 Grundlagen/database/BWL/Auswahl & Bewertung/Leasing/risk_finder_das_kleingedruckte/_ghtml_risk_finder_das_kleingedruckte.html	redirect	databases/Teil01 Grundlagen/database/BWL/Auswahl & Bewertung/Leasing/risk_finder_das_kleingedruckte/__dokumentation/__02_plans/__sequence_diagram.puml
databases/Teil01 Grundlagen/database/BWL/Auswahl & Bewertung/Leasing/startup_cashflow_survival	databases/Teil01 Grundlagen/database/BWL/Auswahl & Bewertung/Leasing/startup_cashflow_survival/_ghtml_startup_cashflow_survival.html	direct	databases/Teil01 Grundlagen/database/BWL/Auswahl & Bewertung/Leasing/startup_cashflow_survival/__dokumentation/__02_plans/__sequence_diagram.puml
databases/Teil01 Grundlagen/database/BWL/Auswahl & Bewertung/Nutzwertanalyse/der_matrix_architekt	databases/Teil01 Grundlagen/database/BWL/Auswahl & Bewertung/Nutzwertanalyse/der_matrix_architekt/_ghtml_der_matrix_architekt.html	direct	databases/Teil01 Grundlagen/database/BWL/Auswahl & Bewertung/Nutzwertanalyse/der_matrix_architekt/__dokumentation/__02_plans/__sequence_diagram.puml
databases/Teil01 Grundlagen/database/BWL/Auswahl & Bewertung/Nutzwertanalyse/entscheidungs_detektiv	databases/Teil01 Grundlagen/database/BWL/Auswahl & Bewertung/Nutzwertanalyse/entscheidungs_detektiv/_ghtml_entscheidungs_detektiv.html	direct	databases/Teil01 Grundlagen/database/BWL/Auswahl & Bewertung/Nutzwertanalyse/entscheidungs_detektiv/__dokumentation/__02_plans/__sequence_diagram.puml
databases/Teil01 Grundlagen/database/BWL/Auswahl & Bewertung/Nutzwertanalyse/fehler_suche_der_korrupte_analyst	databases/Teil01 Grundlagen/database/BWL/Auswahl & Bewertung/Nutzwertanalyse/fehler_suche_der_korrupte_analyst/_ghtml_fehler_suche_der_korrupte_analyst.html	direct	databases/Teil01 Grundlagen/database/BWL/Auswahl & Bewertung/Nutzwertanalyse/fehler_suche_der_korrupte_analyst/__dokumentation/__02_plans/__sequence_diagram.puml
databases/Teil01 Grundlagen/database/BWL/Auswahl & Bewertung/Nutzwertanalyse/kunden_wunsch_rechner	databases/Teil01 Grundlagen/database/BWL/Auswahl & Bewertung/Nutzwertanalyse/kunden_wunsch_rechner/_ghtml_kunden_wunsch_rechner.html	direct	databases/Teil01 Grundlagen/database/BWL/Auswahl & Bewertung/Nutzwertanalyse/kunden_wunsch_rechner/__dokumentation/__02_plans/__sequence_diagram.puml
databases/Teil01 Grundlagen/database/BWL/Auswahl & Bewertung/Nutzwertanalyse/wg_zimmer_challenge	databases/Teil01 Grundlagen/database/BWL/Auswahl & Bewertung/Nutzwertanalyse/wg_zimmer_challenge/_ghtml_wg_zimmer_challenge.html	direct	databases/Teil01 Grundlagen/database/BWL/Auswahl & Bewertung/Nutzwertanalyse/wg_zimmer_challenge/__dokumentation/__02_plans/__sequence_diagram.puml
databases/Teil01 Grundlagen/database/BWL/Kommunikation & Schulung/4-Ohren-Modell/4ohren_deeskalation	databases/Teil01 Grundlagen/database/BWL/Kommunikation & Schulung/4-Ohren-Modell/4ohren_deeskalation/_ghtml_4ohren_deeskalation.html	direct	databases/Teil01 Grundlagen/database/BWL/Kommunikation & Schulung/4-Ohren-Modell/4ohren_deeskalation/__dokumentation/__02_plans/__sequence_diagram.puml
databases/Teil01 Grundlagen/database/BWL/Kommunikation & Schulung/4-Ohren-Modell/missverstaendnis_match	databases/Teil01 Grundlagen/database/BWL/Kommunikation & Schulung/4-Ohren-Modell/missverstaendnis_match/_ghtml_missverstaendnis_match.html	direct	databases/Teil01 Grundlagen/database/BWL/Kommunikation & Schulung/4-Ohren-Modell/missverstaendnis_match/__dokumentation/__02_plans/__sequence_diagram.puml
databases/Teil01 Grundlagen/database/BWL/Kommunikation & Schulung/4-Ohren-Modell/nachricht_scanner_welches_ohr_hort_mit	databases/Teil01 Grundlagen/database/BWL/Kommunikation & Schulung/4-Ohren-Modell/nachricht_scanner_welches_ohr_hort_mit/_ghtml_nachricht_scanner_welches_ohr_hort_mit.html	direct	databases/Teil01 Grundlagen/database/BWL/Kommunikation & Schulung/4-Ohren-Modell/nachricht_scanner_welches_ohr_hort_mit/__dokumentation/__02_plans/__sequence_diagram.puml
databases/Teil01 Grundlagen/database/BWL/Kommunikation & Schulung/4-Ohren-Modell/sender_empfaenger_bruecke	databases/Teil01 Grundlagen/database/BWL/Kommunikation & Schulung/4-Ohren-Modell/sender_empfaenger_bruecke/_ghtml_sender_empfaenger_bruecke.html	direct	databases/Teil01 Grundlagen/database/BWL/Kommunikation & Schulung/4-Ohren-Modell/sender_empfaenger_bruecke/__dokumentation/__02_plans/__sequence_diagram.puml
databases/Teil01 Grundlagen/database/BWL/Kommunikation & Schulung/4-Ohren-Modell/vier_ohren_detektiv	databases/Teil01 Grundlagen/database/BWL/Kommunikation & Schulung/4-Ohren-Modell/vier_ohren_detektiv/_ghtml_vier_ohren_detektiv.html	direct	databases/Teil01 Grundlagen/database/BWL/Kommunikation & Schulung/4-Ohren-Modell/vier_ohren_detektiv/__dokumentation/__02_plans/__sequence_diagram.puml
databases/Teil01 Grundlagen/database/BWL/Projektmanagement & Organisation/Change Management/change_kurve	databases/Teil01 Grundlagen/database/BWL/Projektmanagement & Organisation/Change Management/change_kurve/_ghtml_change_kurve.html	direct	databases/Teil01 Grundlagen/database/BWL/Projektmanagement & Organisation/Change Management/change_kurve/__dokumentation/__02_plans/__sequence_diagram.puml
databases/Teil01 Grundlagen/database/BWL/Projektmanagement & Organisation/Change Management/kommunikations_koffer	databases/Teil01 Grundlagen/database/BWL/Projektmanagement & Organisation/Change Management/kommunikations_koffer/_ghtml_kommunikations_koffer.html	redirect	databases/Teil01 Grundlagen/database/BWL/Projektmanagement & Organisation/Change Management/kommunikations_koffer/__dokumentation/__02_plans/__sequence_diagram.puml
databases/Teil01 Grundlagen/database/BWL/Projektmanagement & Organisation/Change Management/kultur_gaertner	databases/Teil01 Grundlagen/database/BWL/Projektmanagement & Organisation/Change Management/kultur_gaertner/_ghtml_kultur_gaertner.html	direct	databases/Teil01 Grundlagen/database/BWL/Projektmanagement & Organisation/Change Management/kultur_gaertner/__dokumentation/__02_plans/__sequence_diagram.puml
databases/Teil01 Grundlagen/database/BWL/Projektmanagement & Organisation/Change Management/kurve_der_veraenderung	databases/Teil01 Grundlagen/database/BWL/Projektmanagement & Organisation/Change Management/kurve_der_veraenderung/_ghtml_kurve_der_veraenderung.html	direct	databases/Teil01 Grundlagen/database/BWL/Projektmanagement & Organisation/Change Management/kurve_der_veraenderung/__dokumentation/__02_plans/__sequence_diagram.puml
databases/Teil01 Grundlagen/database/BWL/Projektmanagement & Organisation/Change Management/promoter_suche	databases/Teil01 Grundlagen/database/BWL/Projektmanagement & Organisation/Change Management/promoter_suche/_ghtml_promoter_suche.html	direct	databases/Teil01 Grundlagen/database/BWL/Projektmanagement & Organisation/Change Management/promoter_suche/__dokumentation/__02_plans/__sequence_diagram.puml
databases/Teil01 Grundlagen/database/BWL/Projektmanagement & Organisation/Change Management/widerstands_radar	databases/Teil01 Grundlagen/database/BWL/Projektmanagement & Organisation/Change Management/widerstands_radar/_ghtml_widerstands_radar.html	direct	databases/Teil01 Grundlagen/database/BWL/Projektmanagement & Organisation/Change Management/widerstands_radar/__dokumentation/__02_plans/__sequence_diagram.puml
databases/Teil01 Grundlagen/database/BWL/Projektmanagement & Organisation/Fremdvergabe/fremdvergabe_lieferanten_check	databases/Teil01 Grundlagen/database/BWL/Projektmanagement & Organisation/Fremdvergabe/fremdvergabe_lieferanten_check/_ghtml_fremdvergabe_lieferanten_check.html	direct	databases/Teil01 Grundlagen/database/BWL/Projektmanagement & Organisation/Fremdvergabe/fremdvergabe_lieferanten_check/__dokumentation/__02_plans/__sequence_diagram.puml
databases/Teil01 Grundlagen/database/BWL/Projektmanagement & Organisation/Fremdvergabe/fremdvergabe_outsourcing_vertrag	databases/Teil01 Grundlagen/database/BWL/Projektmanagement & Organisation/Fremdvergabe/fremdvergabe_outsourcing_vertrag/_ghtml_fremdvergabe_outsourcing_vertrag.html	direct	databases/Teil01 Grundlagen/database/BWL/Projektmanagement & Organisation/Fremdvergabe/fremdvergabe_outsourcing_vertrag/__dokumentation/__02_plans/__sequence_diagram.puml
databases/Teil01 Grundlagen/database/BWL/Projektmanagement & Organisation/Fremdvergabe/fremdvergabe_risiko_waage	databases/Teil01 Grundlagen/database/BWL/Projektmanagement & Organisation/Fremdvergabe/fremdvergabe_risiko_waage/_ghtml_fremdvergabe_risiko_waage.html	direct	databases/Teil01 Grundlagen/database/BWL/Projektmanagement & Organisation/Fremdvergabe/fremdvergabe_risiko_waage/__dokumentation/__02_plans/__sequence_diagram.puml
databases/Teil01 Grundlagen/database/BWL/Projektmanagement & Organisation/Fremdvergabe/fremdvergabe_werkbank	databases/Teil01 Grundlagen/database/BWL/Projektmanagement & Organisation/Fremdvergabe/fremdvergabe_werkbank/_ghtml_fremdvergabe_werkbank.html	direct	databases/Teil01 Grundlagen/database/BWL/Projektmanagement & Organisation/Fremdvergabe/fremdvergabe_werkbank/__dokumentation/__02_plans/__sequence_diagram.puml
databases/Teil01 Grundlagen/database/BWL/Projektmanagement & Organisation/Fremdvergabe/make_or_buy_calculator	databases/Teil01 Grundlagen/database/BWL/Projektmanagement & Organisation/Fremdvergabe/make_or_buy_calculator/_ghtml_make_or_buy_calculator.html	direct	databases/Teil01 Grundlagen/database/BWL/Projektmanagement & Organisation/Fremdvergabe/make_or_buy_calculator/__dokumentation/__02_plans/__sequence_diagram.puml
databases/Teil02 FIAE/database/Anforderungen, Analyse, Projekt & Prozess/Anforderungsanalyse/anforderungs_sortierer	databases/Teil02 FIAE/database/Anforderungen, Analyse, Projekt & Prozess/Anforderungsanalyse/anforderungs_sortierer/_ghtml_anforderungs_sortierer.html	direct	databases/Teil02 FIAE/database/Anforderungen, Analyse, Projekt & Prozess/Anforderungsanalyse/anforderungs_sortierer/__dokumentation/__02_plans/__sequence_diagram.puml
databases/Teil02 FIAE/database/Anforderungen, Analyse, Projekt & Prozess/Anforderungsanalyse/konflikt_loeser	databases/Teil02 FIAE/database/Anforderungen, Analyse, Projekt & Prozess/Anforderungsanalyse/konflikt_loeser/_ghtml_konflikt_loeser.html	direct	databases/Teil02 FIAE/database/Anforderungen, Analyse, Projekt & Prozess/Anforderungsanalyse/konflikt_loeser/__dokumentation/__02_plans/__sequence_diagram.puml
databases/Teil02 FIAE/database/Anforderungen, Analyse, Projekt & Prozess/Anforderungsanalyse/lastenheft_check	databases/Teil02 FIAE/database/Anforderungen, Analyse, Projekt & Prozess/Anforderungsanalyse/lastenheft_check/_ghtml_lastenheft_check.html	direct	databases/Teil02 FIAE/database/Anforderungen, Analyse, Projekt & Prozess/Anforderungsanalyse/lastenheft_check/__dokumentation/__02_plans/__sequence_diagram.puml
databases/Teil02 FIAE/database/Anforderungen, Analyse, Projekt & Prozess/Anforderungsanalyse/priorisierungs_pyramide	databases/Teil02 FIAE/database/Anforderungen, Analyse, Projekt & Prozess/Anforderungsanalyse/priorisierungs_pyramide/_ghtml_priorisierungs_pyramide.html	direct	databases/Teil02 FIAE/database/Anforderungen, Analyse, Projekt & Prozess/Anforderungsanalyse/priorisierungs_pyramide/__dokumentation/__02_plans/__sequence_diagram.puml
databases/Teil02 FIAE/database/Anforderungen, Analyse, Projekt & Prozess/Anforderungsanalyse/stakeholder_interviewer	databases/Teil02 FIAE/database/Anforderungen, Analyse, Projekt & Prozess/Anforderungsanalyse/stakeholder_interviewer/_ghtml_stakeholder_interviewer.html	direct	databases/Teil02 FIAE/database/Anforderungen, Analyse, Projekt & Prozess/Anforderungsanalyse/stakeholder_interviewer/__dokumentation/__02_plans/__sequence_diagram.puml
databases/Teil02 FIAE/database/Anforderungen, Analyse, Projekt & Prozess/Angebot, Abnahme, Übergabe/Abnahme-Übergabeprozess (Abnahmeprotokoll, Übergabepaket)	databases/Teil02 FIAE/database/Anforderungen, Analyse, Projekt & Prozess/Angebot, Abnahme, Übergabe/Abnahme-Übergabeprozess (Abnahmeprotokoll, Übergabepaket)/_ghtml_abnahme_protokoll_check.html	direct	databases/Teil02 FIAE/database/Anforderungen, Analyse, Projekt & Prozess/Angebot, Abnahme, Übergabe/Abnahme-Übergabeprozess (Abnahmeprotokoll, Übergabepaket)/__dokumentation/__02_plans/__sequence_diagram.puml
databases/Teil02 FIAE/database/Anforderungen, Analyse, Projekt & Prozess/Angebot, Abnahme, Übergabe/Angebot auf Basis Leistungsbeschreibung/angebots_checkliste	databases/Teil02 FIAE/database/Anforderungen, Analyse, Projekt & Prozess/Angebot, Abnahme, Übergabe/Angebot auf Basis Leistungsbeschreibung/angebots_checkliste/_ghtml_angebots_checkliste.html	direct	databases/Teil02 FIAE/database/Anforderungen, Analyse, Projekt & Prozess/Angebot, Abnahme, Übergabe/Angebot auf Basis Leistungsbeschreibung/angebots_checkliste/__dokumentation/__02_plans/__sequence_diagram.puml
databases/Teil02 FIAE/database/Anforderungen, Analyse, Projekt & Prozess/Angebot, Abnahme, Übergabe/Angebot auf Basis Leistungsbeschreibung/angebots_rechner	databases/Teil02 FIAE/database/Anforderungen, Analyse, Projekt & Prozess/Angebot, Abnahme, Übergabe/Angebot auf Basis Leistungsbeschreibung/angebots_rechner/_ghtml_angebots_rechner.html	direct	databases/Teil02 FIAE/database/Anforderungen, Analyse, Projekt & Prozess/Angebot, Abnahme, Übergabe/Angebot auf Basis Leistungsbeschreibung/angebots_rechner/__dokumentation/__02_plans/__sequence_diagram.puml
databases/Teil02 FIAE/database/Anforderungen, Analyse, Projekt & Prozess/Bewertung/Kundenfeedback strukturiert aufnehmen und Maßnahmen ableiten	databases/Teil02 FIAE/database/Anforderungen, Analyse, Projekt & Prozess/Bewertung/Kundenfeedback strukturiert aufnehmen und Maßnahmen ableiten/_ghtml_feedback_kategorisierer.html	direct	databases/Teil02 FIAE/database/Anforderungen, Analyse, Projekt & Prozess/Bewertung/Kundenfeedback strukturiert aufnehmen und Maßnahmen ableiten/__dokumentation/__02_plans/__sequence_diagram.puml
databases/Teil02 FIAE/database/Anforderungen, Analyse, Projekt & Prozess/Bewertung/Skalierbarkeit bewerten	databases/Teil02 FIAE/database/Anforderungen, Analyse, Projekt & Prozess/Bewertung/Skalierbarkeit bewerten/_ghtml_horizontal_vs_vertikal.html	direct	databases/Teil02 FIAE/database/Anforderungen, Analyse, Projekt & Prozess/Bewertung/Skalierbarkeit bewerten/__dokumentation/__02_plans/__sequence_diagram.puml
databases/Teil02 FIAE/database/Anforderungen, Analyse, Projekt & Prozess/Bewertung/Verlässlichkeit-Robustheit bewerten	databases/Teil02 FIAE/database/Anforderungen, Analyse, Projekt & Prozess/Bewertung/Verlässlichkeit-Robustheit bewerten/_ghtml_failover_simulator.html	direct	databases/Teil02 FIAE/database/Anforderungen, Analyse, Projekt & Prozess/Bewertung/Verlässlichkeit-Robustheit bewerten/__dokumentation/__02_plans/__sequence_diagram.puml
databases/Teil02 FIAE/database/Anforderungen, Analyse, Projekt & Prozess/Change Management/change_curve	databases/Teil02 FIAE/database/Anforderungen, Analyse, Projekt & Prozess/Change Management/change_curve/_ghtml_change_curve.html	direct	databases/Teil02 FIAE/database/Anforderungen, Analyse, Projekt & Prozess/Change Management/change_curve/__dokumentation/__02_plans/__sequence_diagram.puml
databases/Teil02 FIAE/database/Anforderungen, Analyse, Projekt & Prozess/Change Management/change_erfolgs_check	databases/Teil02 FIAE/database/Anforderungen, Analyse, Projekt & Prozess/Change Management/change_erfolgs_check/_ghtml_change_erfolgs_check.html	direct	databases/Teil02 FIAE/database/Anforderungen, Analyse, Projekt & Prozess/Change Management/change_erfolgs_check/__dokumentation/__02_plans/__sequence_diagram.puml
databases/Teil02 FIAE/database/Anforderungen, Analyse, Projekt & Prozess/Change Management/drei_phasen_modell	databases/Teil02 FIAE/database/Anforderungen, Analyse, Projekt & Prozess/Change Management/drei_phasen_modell/_ghtml_drei_phasen_modell.html	direct	databases/Teil02 FIAE/database/Anforderungen, Analyse, Projekt & Prozess/Change Management/drei_phasen_modell/__dokumentation/__02_plans/__sequence_diagram.puml
databases/Teil02 FIAE/database/Anforderungen, Analyse, Projekt & Prozess/Change Management/kommunikations_kaskade	databases/Teil02 FIAE/database/Anforderungen, Analyse, Projekt & Prozess/Change Management/kommunikations_kaskade/_ghtml_kommunikations_kaskade.html	direct	databases/Teil02 FIAE/database/Anforderungen, Analyse, Projekt & Prozess/Change Management/kommunikations_kaskade/__dokumentation/__02_plans/__sequence_diagram.puml
databases/Teil02 FIAE/database/Anforderungen, Analyse, Projekt & Prozess/Change Management/widerstands_baendiger	databases/Teil02 FIAE/database/Anforderungen, Analyse, Projekt & Prozess/Change Management/widerstands_baendiger/_ghtml_widerstands_baendiger.html	direct	databases/Teil02 FIAE/database/Anforderungen, Analyse, Projekt & Prozess/Change Management/widerstands_baendiger/__dokumentation/__02_plans/__sequence_diagram.puml
databases/Teil02 FIAE/database/Anforderungen, Analyse, Projekt & Prozess/Dokumentation/doku_zielgruppen_match	databases/Teil02 FIAE/database/Anforderungen, Analyse, Projekt & Prozess/Dokumentation/doku_zielgruppen_match/_ghtml_doku_zielgruppen_match.html	direct	databases/Teil02 FIAE/database/Anforderungen, Analyse, Projekt & Prozess/Dokumentation/doku_zielgruppen_match/__dokumentation/__02_plans/__sequence_diagram.puml
databases/Teil02 FIAE/database/Anforderungen, Analyse, Projekt & Prozess/Dokumentation/readme_check	databases/Teil02 FIAE/database/Anforderungen, Analyse, Projekt & Prozess/Dokumentation/readme_check/_ghtml_readme_check.html	direct	databases/Teil02 FIAE/database/Anforderungen, Analyse, Projekt & Prozess/Dokumentation/readme_check/__dokumentation/__02_plans/__sequence_diagram.puml
databases/Teil02 FIAE/database/Anforderungen, Analyse, Projekt & Prozess/Fremdvergabe	databases/Teil02 FIAE/database/Anforderungen, Analyse, Projekt & Prozess/Fremdvergabe/_ghtml_make_or_buy_waage.html	direct	databases/Teil02 FIAE/database/Anforderungen, Analyse, Projekt & Prozess/Fremdvergabe/__dokumentation/__02_plans/__sequence_diagram.puml
databases/Teil02 FIAE/database/Anforderungen, Analyse, Projekt & Prozess/Lösungsfindung & Entscheidung/Lösungsvarianten entwickeln und nach Kriterien vergleichen	databases/Teil02 FIAE/database/Anforderungen, Analyse, Projekt & Prozess/Lösungsfindung & Entscheidung/Lösungsvarianten entwickeln und nach Kriterien vergleichen/_ghtml_nutzwert_navigator.html	direct	databases/Teil02 FIAE/database/Anforderungen, Analyse, Projekt & Prozess/Lösungsfindung & Entscheidung/Lösungsvarianten entwickeln und nach Kriterien vergleichen/__dokumentation/__02_plans/__sequence_diagram.puml
databases/Teil02 FIAE/database/Anforderungen, Analyse, Projekt & Prozess/Machbarkeitsanalyse [Ab hier abwärts neue Strategie angewandt]	databases/Teil02 FIAE/database/Anforderungen, Analyse, Projekt & Prozess/Machbarkeitsanalyse [Ab hier abwärts neue Strategie angewandt]/_ghtml_go_oder_no_go.html	direct	databases/Teil02 FIAE/database/Anforderungen, Analyse, Projekt & Prozess/Machbarkeitsanalyse [Ab hier abwärts neue Strategie angewandt]/__dokumentation/__02_plans/__sequence_diagram.puml
databases/Teil02 FIAE/database/Anforderungen, Analyse, Projekt & Prozess/Projektmanagement _	databases/Teil02 FIAE/database/Anforderungen, Analyse, Projekt & Prozess/Projektmanagement _/_ghtml_pm_methoden_match.html	direct	databases/Teil02 FIAE/database/Anforderungen, Analyse, Projekt & Prozess/Projektmanagement _/__dokumentation/__02_plans/__sequence_diagram.puml
databases/Teil02 FIAE/database/Anforderungen, Analyse, Projekt & Prozess/Protokoll anfertigen _/eskalations_protokoll	databases/Teil02 FIAE/database/Anforderungen, Analyse, Projekt & Prozess/Protokoll anfertigen _/eskalations_protokoll/_ghtml_eskalations_protokoll.html	direct	databases/Teil02 FIAE/database/Anforderungen, Analyse, Projekt & Prozess/Protokoll anfertigen _/eskalations_protokoll/__dokumentation/__02_plans/__sequence_diagram.puml
databases/Teil02 FIAE/database/Anforderungen, Analyse, Projekt & Prozess/Protokoll anfertigen _/inhalts_check	databases/Teil02 FIAE/database/Anforderungen, Analyse, Projekt & Prozess/Protokoll anfertigen _/inhalts_check/_ghtml_inhalts_check.html	direct	databases/Teil02 FIAE/database/Anforderungen, Analyse, Projekt & Prozess/Protokoll anfertigen _/inhalts_check/__dokumentation/__02_plans/__sequence_diagram.puml
databases/Teil02 FIAE/database/Anforderungen, Analyse, Projekt & Prozess/Protokoll anfertigen _/protokoll_arten_sortierer	databases/Teil02 FIAE/database/Anforderungen, Analyse, Projekt & Prozess/Protokoll anfertigen _/protokoll_arten_sortierer/_ghtml_protokoll_arten_sortierer.html	direct	databases/Teil02 FIAE/database/Anforderungen, Analyse, Projekt & Prozess/Protokoll anfertigen _/protokoll_arten_sortierer/__dokumentation/__02_plans/__sequence_diagram.puml
databases/Teil02 FIAE/database/Anforderungen, Analyse, Projekt & Prozess/Protokoll anfertigen _/verteiler_puzzle	databases/Teil02 FIAE/database/Anforderungen, Analyse, Projekt & Prozess/Protokoll anfertigen _/verteiler_puzzle/_ghtml_verteiler_puzzle.html	redirect	databases/Teil02 FIAE/database/Anforderungen, Analyse, Projekt & Prozess/Protokoll anfertigen _/verteiler_puzzle/__dokumentation/__02_plans/__sequence_diagram.puml
databases/Teil02 FIAE/database/Anforderungen, Analyse, Projekt & Prozess/Protokoll anfertigen _/vom_gespraech_zum_punkt	databases/Teil02 FIAE/database/Anforderungen, Analyse, Projekt & Prozess/Protokoll anfertigen _/vom_gespraech_zum_punkt/_ghtml_vom_gespraech_zum_punkt.html	direct	databases/Teil02 FIAE/database/Anforderungen, Analyse, Projekt & Prozess/Protokoll anfertigen _/vom_gespraech_zum_punkt/__dokumentation/__02_plans/__sequence_diagram.puml
databases/Teil02 FIAE/database/Anforderungen, Analyse, Projekt & Prozess/Prozessanalyse _/aktivitaeten_sortierer	databases/Teil02 FIAE/database/Anforderungen, Analyse, Projekt & Prozess/Prozessanalyse _/aktivitaeten_sortierer/_ghtml_aktivitaeten_sortierer.html	direct	databases/Teil02 FIAE/database/Anforderungen, Analyse, Projekt & Prozess/Prozessanalyse _/aktivitaeten_sortierer/__dokumentation/__02_plans/__sequence_diagram.puml
databases/Teil02 FIAE/database/Anforderungen, Analyse, Projekt & Prozess/Prozessanalyse _/durchlaufzeit_rechner	databases/Teil02 FIAE/database/Anforderungen, Analyse, Projekt & Prozess/Prozessanalyse _/durchlaufzeit_rechner/_ghtml_durchlaufzeit_rechner.html	direct	databases/Teil02 FIAE/database/Anforderungen, Analyse, Projekt & Prozess/Prozessanalyse _/durchlaufzeit_rechner/__dokumentation/__02_plans/__sequence_diagram.puml
databases/Teil02 FIAE/database/Anforderungen, Analyse, Projekt & Prozess/Prozessanalyse _/ist_zustand_detektiv	databases/Teil02 FIAE/database/Anforderungen, Analyse, Projekt & Prozess/Prozessanalyse _/ist_zustand_detektiv/_ghtml_ist_zustand_detektiv.html	direct	databases/Teil02 FIAE/database/Anforderungen, Analyse, Projekt & Prozess/Prozessanalyse _/ist_zustand_detektiv/__dokumentation/__02_plans/__sequence_diagram.puml
databases/Teil02 FIAE/database/Anforderungen, Analyse, Projekt & Prozess/Prozessanalyse _/prozess_schnittstellen	databases/Teil02 FIAE/database/Anforderungen, Analyse, Projekt & Prozess/Prozessanalyse _/prozess_schnittstellen/_ghtml_prozess_schnittstellen.html	direct	databases/Teil02 FIAE/database/Anforderungen, Analyse, Projekt & Prozess/Prozessanalyse _/prozess_schnittstellen/__dokumentation/__02_plans/__sequence_diagram.puml
databases/Teil02 FIAE/database/Anforderungen, Analyse, Projekt & Prozess/Prozessanalyse _/rollen_zuweiser	databases/Teil02 FIAE/database/Anforderungen, Analyse, Projekt & Prozess/Prozessanalyse _/rollen_zuweiser/_ghtml_rollen_zuweiser.html	direct	databases/Teil02 FIAE/database/Anforderungen, Analyse, Projekt & Prozess/Prozessanalyse _/rollen_zuweiser/__dokumentation/__02_plans/__sequence_diagram.puml
databases/Teil02 FIAE/database/Anforderungen, Analyse, Projekt & Prozess/Stakeholder/interessen_profiler	databases/Teil02 FIAE/database/Anforderungen, Analyse, Projekt & Prozess/Stakeholder/interessen_profiler/_ghtml_interessen_profiler.html	direct	databases/Teil02 FIAE/database/Anforderungen, Analyse, Projekt & Prozess/Stakeholder/interessen_profiler/__dokumentation/__02_plans/__sequence_diagram.puml
databases/Teil02 FIAE/database/Anforderungen, Analyse, Projekt & Prozess/Stakeholder/interview_simulator	databases/Teil02 FIAE/database/Anforderungen, Analyse, Projekt & Prozess/Stakeholder/interview_simulator/_ghtml_interview_simulator.html	direct	databases/Teil02 FIAE/database/Anforderungen, Analyse, Projekt & Prozess/Stakeholder/interview_simulator/__dokumentation/__02_plans/__sequence_diagram.puml
databases/Teil02 FIAE/database/Anforderungen, Analyse, Projekt & Prozess/Stakeholder/konflikt_navi	databases/Teil02 FIAE/database/Anforderungen, Analyse, Projekt & Prozess/Stakeholder/konflikt_navi/_ghtml_konflikt_navi.html	direct	databases/Teil02 FIAE/database/Anforderungen, Analyse, Projekt & Prozess/Stakeholder/konflikt_navi/__dokumentation/__02_plans/__sequence_diagram.puml
databases/Teil02 FIAE/database/Anforderungen, Analyse, Projekt & Prozess/Stakeholder/promotoren_opponenten_netz	databases/Teil02 FIAE/database/Anforderungen, Analyse, Projekt & Prozess/Stakeholder/promotoren_opponenten_netz/_ghtml_promotoren_opponenten_netz.html	direct	databases/Teil02 FIAE/database/Anforderungen, Analyse, Projekt & Prozess/Stakeholder/promotoren_opponenten_netz/__dokumentation/__02_plans/__sequence_diagram.puml
databases/Teil02 FIAE/database/Anforderungen, Analyse, Projekt & Prozess/Stakeholder/stakeholder_mapping	databases/Teil02 FIAE/database/Anforderungen, Analyse, Projekt & Prozess/Stakeholder/stakeholder_mapping/_ghtml_stakeholder_mapping.html	direct	databases/Teil02 FIAE/database/Anforderungen, Analyse, Projekt & Prozess/Stakeholder/stakeholder_mapping/__dokumentation/__02_plans/__sequence_diagram.puml
databases/Teil02 FIAE/database/Anforderungen, Analyse, Projekt & Prozess/Ticketsystem/priorisierungs_butler	databases/Teil02 FIAE/database/Anforderungen, Analyse, Projekt & Prozess/Ticketsystem/priorisierungs_butler/_ghtml_priorisierungs_butler.html	direct	databases/Teil02 FIAE/database/Anforderungen, Analyse, Projekt & Prozess/Ticketsystem/priorisierungs_butler/__dokumentation/__02_plans/__sequence_diagram.puml
databases/Teil02 FIAE/database/Anforderungen, Analyse, Projekt & Prozess/Ticketsystem/sla_timer_kampf	databases/Teil02 FIAE/database/Anforderungen, Analyse, Projekt & Prozess/Ticketsystem/sla_timer_kampf/_ghtml_sla_timer_kampf.html	direct	databases/Teil02 FIAE/database/Anforderungen, Analyse, Projekt & Prozess/Ticketsystem/sla_timer_kampf/__dokumentation/__02_plans/__sequence_diagram.puml
databases/Teil02 FIAE/database/Anforderungen, Analyse, Projekt & Prozess/Ticketsystem/ticket_schreiber_profi	databases/Teil02 FIAE/database/Anforderungen, Analyse, Projekt & Prozess/Ticketsystem/ticket_schreiber_profi/_ghtml_ticket_schreiber_profi.html	direct	databases/Teil02 FIAE/database/Anforderungen, Analyse, Projekt & Prozess/Ticketsystem/ticket_schreiber_profi/__dokumentation/__02_plans/__sequence_diagram.puml
databases/Teil02 FIAE/database/Anforderungen, Analyse, Projekt & Prozess/Ticketsystem/ticket_status_labyrinth	databases/Teil02 FIAE/database/Anforderungen, Analyse, Projekt & Prozess/Ticketsystem/ticket_status_labyrinth/_ghtml_ticket_status_labyrinth.html	direct	databases/Teil02 FIAE/database/Anforderungen, Analyse, Projekt & Prozess/Ticketsystem/ticket_status_labyrinth/__dokumentation/__02_plans/__sequence_diagram.puml
databases/Teil02 FIAE/database/Anforderungen, Analyse, Projekt & Prozess/Ticketsystem/zuweisungs_meister	databases/Teil02 FIAE/database/Anforderungen, Analyse, Projekt & Prozess/Ticketsystem/zuweisungs_meister/_ghtml_zuweisungs_meister.html	direct	databases/Teil02 FIAE/database/Anforderungen, Analyse, Projekt & Prozess/Ticketsystem/zuweisungs_meister/__dokumentation/__02_plans/__sequence_diagram.puml
databases/Teil02 FIAE/database/Anforderungen, Analyse, Projekt & Prozess/Umfeldanalyse	databases/Teil02 FIAE/database/Anforderungen, Analyse, Projekt & Prozess/Umfeldanalyse/_ghtml_stakeholder_radar.html	direct	databases/Teil02 FIAE/database/Anforderungen, Analyse, Projekt & Prozess/Umfeldanalyse/__dokumentation/__02_plans/__sequence_diagram.puml
databases/Teil02 FIAE/database/Anforderungen, Analyse, Projekt & Prozess/User-Stories	databases/Teil02 FIAE/database/Anforderungen, Analyse, Projekt & Prozess/User-Stories/_ghtml_user_story_builder.html	direct	databases/Teil02 FIAE/database/Anforderungen, Analyse, Projekt & Prozess/User-Stories/__dokumentation/__02_plans/__sequence_diagram.puml
databases/Teil02 FIAE/database/Anforderungen, Analyse, Projekt & Prozess/Workshop _/moderations_master	databases/Teil02 FIAE/database/Anforderungen, Analyse, Projekt & Prozess/Workshop _/moderations_master/_ghtml_moderations_master.html	direct	databases/Teil02 FIAE/database/Anforderungen, Analyse, Projekt & Prozess/Workshop _/moderations_master/__dokumentation/__02_plans/__sequence_diagram.puml
databases/Teil02 FIAE/database/Anforderungen, Analyse, Projekt & Prozess/Workshop _/workshop_agenda_puzzle	databases/Teil02 FIAE/database/Anforderungen, Analyse, Projekt & Prozess/Workshop _/workshop_agenda_puzzle/_ghtml_workshop_agenda_puzzle.html	redirect	databases/Teil02 FIAE/database/Anforderungen, Analyse, Projekt & Prozess/Workshop _/workshop_agenda_puzzle/__dokumentation/__02_plans/__sequence_diagram.puml
databases/Teil02 FIAE/database/Architektur & Patterns/Architektur-„Schubladen“ für AP2/Dependency Injection (Grundidee: warum hilft das beim Testen?)	databases/Teil02 FIAE/database/Architektur & Patterns/Architektur-„Schubladen“ für AP2/Dependency Injection (Grundidee: warum hilft das beim Testen?)/_ghtml_constructor_injector.html	direct	databases/Teil02 FIAE/database/Architektur & Patterns/Architektur-„Schubladen“ für AP2/Dependency Injection (Grundidee: warum hilft das beim Testen?)/__dokumentation/__02_plans/__sequence_diagram.puml
databases/Teil02 FIAE/database/Architektur & Patterns/Architektur-„Schubladen“ für AP2/MVC-MVVM (Grundidee, wann sinnvoll)	databases/Teil02 FIAE/database/Architektur & Patterns/Architektur-„Schubladen“ für AP2/MVC-MVVM (Grundidee, wann sinnvoll)/_ghtml_mvc_role_match.html	direct	databases/Teil02 FIAE/database/Architektur & Patterns/Architektur-„Schubladen“ für AP2/MVC-MVVM (Grundidee, wann sinnvoll)/__dokumentation/__02_plans/__sequence_diagram.puml
databases/Teil02 FIAE/database/Architektur & Patterns/Design Patterns	databases/Teil02 FIAE/database/Architektur & Patterns/Design Patterns/_ghtml_pattern_categorizer.html	direct	databases/Teil02 FIAE/database/Architektur & Patterns/Design Patterns/__dokumentation/__02_plans/__sequence_diagram.puml
databases/Teil02 FIAE/database/Architektur & Patterns/Observer (Pattern)	databases/Teil02 FIAE/database/Architektur & Patterns/Observer (Pattern)/_ghtml_observer_simulation.html	direct	databases/Teil02 FIAE/database/Architektur & Patterns/Observer (Pattern)/__dokumentation/__02_plans/__sequence_diagram.puml
databases/Teil02 FIAE/database/Architektur & Patterns/Patterns (konkreter als „Design Patterns“)/Adapter	databases/Teil02 FIAE/database/Architektur & Patterns/Patterns (konkreter als „Design Patterns“)/Adapter/_ghtml_compatibility_connector.html	direct	databases/Teil02 FIAE/database/Architektur & Patterns/Patterns (konkreter als „Design Patterns“)/Adapter/__dokumentation/__02_plans/__sequence_diagram.puml
databases/Teil02 FIAE/database/Architektur & Patterns/Patterns (konkreter als „Design Patterns“)/Decorator	databases/Teil02 FIAE/database/Architektur & Patterns/Patterns (konkreter als „Design Patterns“)/Decorator/_ghtml_coffee_builder.html	direct	databases/Teil02 FIAE/database/Architektur & Patterns/Patterns (konkreter als „Design Patterns“)/Decorator/__dokumentation/__02_plans/__sequence_diagram.puml
databases/Teil02 FIAE/database/Architektur & Patterns/Patterns (konkreter als „Design Patterns“)/Factory	databases/Teil02 FIAE/database/Architektur & Patterns/Patterns (konkreter als „Design Patterns“)/Factory/_ghtml_factory_hall.html	direct	databases/Teil02 FIAE/database/Architektur & Patterns/Patterns (konkreter als „Design Patterns“)/Factory/__dokumentation/__02_plans/__sequence_diagram.puml
databases/Teil02 FIAE/database/Architektur & Patterns/Patterns (konkreter als „Design Patterns“)/Repository	databases/Teil02 FIAE/database/Architektur & Patterns/Patterns (konkreter als „Design Patterns“)/Repository/_ghtml_data_source_hider.html	direct	databases/Teil02 FIAE/database/Architektur & Patterns/Patterns (konkreter als „Design Patterns“)/Repository/__dokumentation/__02_plans/__sequence_diagram.puml
databases/Teil02 FIAE/database/Architektur & Patterns/Patterns (konkreter als „Design Patterns“)/Singleton	databases/Teil02 FIAE/database/Architektur & Patterns/Patterns (konkreter als „Design Patterns“)/Singleton/_ghtml_singleton_challenge.html	direct	databases/Teil02 FIAE/database/Architektur & Patterns/Patterns (konkreter als „Design Patterns“)/Singleton/__dokumentation/__02_plans/__sequence_diagram.puml
databases/Teil02 FIAE/database/Architektur & Patterns/Patterns (konkreter als „Design Patterns“)/Strategy	databases/Teil02 FIAE/database/Architektur & Patterns/Patterns (konkreter als „Design Patterns“)/Strategy/_ghtml_payment_switcher.html	direct	databases/Teil02 FIAE/database/Architektur & Patterns/Patterns (konkreter als „Design Patterns“)/Strategy/__dokumentation/__02_plans/__sequence_diagram.puml
databases/Teil02 FIAE/database/Architektur & Patterns/Schichtenarchitektur	databases/Teil02 FIAE/database/Architektur & Patterns/Schichtenarchitektur/_ghtml_layer_sorter.html	direct	databases/Teil02 FIAE/database/Architektur & Patterns/Schichtenarchitektur/__dokumentation/__02_plans/__sequence_diagram.puml
databases/Teil02 FIAE/database/Datenbanken & SQL/Anomalien	databases/Teil02 FIAE/database/Datenbanken & SQL/Anomalien/_ghtml_anomaly_hunt.html	direct	databases/Teil02 FIAE/database/Datenbanken & SQL/Anomalien/__dokumentation/__02_plans/__sequence_diagram.puml
databases/Teil02 FIAE/database/Datenbanken & SQL/CREATE TABLE	databases/Teil02 FIAE/database/Datenbanken & SQL/CREATE TABLE/_ghtml_schema_architect.html	direct	databases/Teil02 FIAE/database/Datenbanken & SQL/CREATE TABLE/__dokumentation/__02_plans/__sequence_diagram.puml
databases/Teil02 FIAE/database/Datenbanken & SQL/Datenimport	databases/Teil02 FIAE/database/Datenbanken & SQL/Datenimport/_ghtml_csv_mapper.html	direct	databases/Teil02 FIAE/database/Datenbanken & SQL/Datenimport/__dokumentation/__02_plans/__sequence_diagram.puml
databases/Teil02 FIAE/database/Datenbanken & SQL/Datenqualität	databases/Teil02 FIAE/database/Datenbanken & SQL/Datenqualität/_ghtml_duplicate_hunter.html	direct	databases/Teil02 FIAE/database/Datenbanken & SQL/Datenqualität/__dokumentation/__02_plans/__sequence_diagram.puml
databases/Teil02 FIAE/database/Datenbanken & SQL/Datentypen	databases/Teil02 FIAE/database/Datenbanken & SQL/Datentypen/_ghtml_type_match.html	direct	databases/Teil02 FIAE/database/Datenbanken & SQL/Datentypen/__dokumentation/__02_plans/__sequence_diagram.puml
databases/Teil02 FIAE/database/Datenbanken & SQL/DELETE	databases/Teil02 FIAE/database/Datenbanken & SQL/DELETE/_ghtml_point_delete.html	direct	databases/Teil02 FIAE/database/Datenbanken & SQL/DELETE/__dokumentation/__02_plans/__sequence_diagram.puml
databases/Teil02 FIAE/database/Datenbanken & SQL/Dokumentenorientierte Datenbank	databases/Teil02 FIAE/database/Datenbanken & SQL/Dokumentenorientierte Datenbank/_ghtml_json_puzzle.html	redirect	databases/Teil02 FIAE/database/Datenbanken & SQL/Dokumentenorientierte Datenbank/__dokumentation/__02_plans/__sequence_diagram.puml
databases/Teil02 FIAE/database/Datenbanken & SQL/GRANT	databases/Teil02 FIAE/database/Datenbanken & SQL/GRANT/_ghtml_rights_manager.html	direct	databases/Teil02 FIAE/database/Datenbanken & SQL/GRANT/__dokumentation/__02_plans/__sequence_diagram.puml
databases/Teil02 FIAE/database/Datenbanken & SQL/Index	databases/Teil02 FIAE/database/Datenbanken & SQL/Index/_ghtml_btree_simulator.html	direct	databases/Teil02 FIAE/database/Datenbanken & SQL/Index/__dokumentation/__02_plans/__sequence_diagram.puml
databases/Teil02 FIAE/database/Datenbanken & SQL/INSERT	databases/Teil02 FIAE/database/Datenbanken & SQL/INSERT/_ghtml_value_match.html	direct	databases/Teil02 FIAE/database/Datenbanken & SQL/INSERT/__dokumentation/__02_plans/__sequence_diagram.puml
databases/Teil02 FIAE/database/Datenbanken & SQL/Redundanz	databases/Teil02 FIAE/database/Datenbanken & SQL/Redundanz/_ghtml_space_waster.html	direct	databases/Teil02 FIAE/database/Datenbanken & SQL/Redundanz/__dokumentation/__02_plans/__sequence_diagram.puml
databases/Teil02 FIAE/database/Datenbanken & SQL/REVOKE	databases/Teil02 FIAE/database/Datenbanken & SQL/REVOKE/_ghtml_rights_revoke.html	direct	databases/Teil02 FIAE/database/Datenbanken & SQL/REVOKE/__dokumentation/__02_plans/__sequence_diagram.puml
databases/Teil02 FIAE/database/Datenbanken & SQL/SELECT	databases/Teil02 FIAE/database/Datenbanken & SQL/SELECT/_ghtml_column_sieve.html	direct	databases/Teil02 FIAE/database/Datenbanken & SQL/SELECT/__dokumentation/__02_plans/__sequence_diagram.puml
databases/Teil02 FIAE/database/Datenbanken & SQL/SQL (allgemein)	databases/Teil02 FIAE/database/Datenbanken & SQL/SQL (allgemein)/_ghtml_sql_sorter.html	direct	databases/Teil02 FIAE/database/Datenbanken & SQL/SQL (allgemein)/__dokumentation/__02_plans/__sequence_diagram.puml
databases/Teil02 FIAE/database/Datenbanken & SQL/SQL-Abfragen (über Basics hinaus)/JOINs (INNER-LEFT) praxisnah	databases/Teil02 FIAE/database/Datenbanken & SQL/SQL-Abfragen (über Basics hinaus)/JOINs (INNER-LEFT) praxisnah/_ghtml_join_puzzle.html	redirect	databases/Teil02 FIAE/database/Datenbanken & SQL/SQL-Abfragen (über Basics hinaus)/JOINs (INNER-LEFT) praxisnah/__dokumentation/__02_plans/__sequence_diagram.puml
databases/Teil02 FIAE/database/Datenbanken & SQL/Stored Procedures	databases/Teil02 FIAE/database/Datenbanken & SQL/Stored Procedures/_ghtml_procedure_kit.html	direct	databases/Teil02 FIAE/database/Datenbanken & SQL/Stored Procedures/__dokumentation/__02_plans/__sequence_diagram.puml
databases/Teil02 FIAE/database/Datenbanken & SQL/Transaktionen	databases/Teil02 FIAE/database/Datenbanken & SQL/Transaktionen/_ghtml_acid_sorter.html	direct	databases/Teil02 FIAE/database/Datenbanken & SQL/Transaktionen/__dokumentation/__02_plans/__sequence_diagram.puml
databases/Teil02 FIAE/database/Datenbanken & SQL/Trigger	databases/Teil02 FIAE/database/Datenbanken & SQL/Trigger/_ghtml_event_watcher.html	direct	databases/Teil02 FIAE/database/Datenbanken & SQL/Trigger/__dokumentation/__02_plans/__sequence_diagram.puml
databases/Teil02 FIAE/database/Datenbanken & SQL/UNION	databases/Teil02 FIAE/database/Datenbanken & SQL/UNION/_ghtml_union_compat.html	direct	databases/Teil02 FIAE/database/Datenbanken & SQL/UNION/__dokumentation/__02_plans/__sequence_diagram.puml
databases/Teil02 FIAE/database/Datenbanken & SQL/UPDATE	databases/Teil02 FIAE/database/Datenbanken & SQL/UPDATE/_ghtml_mass_update.html	direct	databases/Teil02 FIAE/database/Datenbanken & SQL/UPDATE/__dokumentation/__02_plans/__sequence_diagram.puml
databases/Teil02 FIAE/database/Modellierung & Diagramme/ERM (Entity-Relationship-Modell)	databases/Teil02 FIAE/database/Modellierung & Diagramme/ERM (Entity-Relationship-Modell)/_ghtml_entity_finder.html	direct	databases/Teil02 FIAE/database/Modellierung & Diagramme/ERM (Entity-Relationship-Modell)/__dokumentation/__02_plans/__sequence_diagram.puml
databases/Teil02 FIAE/database/Modellierung & Diagramme/Relationales Datenmodell	databases/Teil02 FIAE/database/Modellierung & Diagramme/Relationales Datenmodell/_ghtml_table_builder.html	direct	databases/Teil02 FIAE/database/Modellierung & Diagramme/Relationales Datenmodell/__dokumentation/__02_plans/__sequence_diagram.puml
databases/Teil02 FIAE/database/Modellierung & Diagramme/UML: Aktivitätsdiagramm	databases/Teil02 FIAE/database/Modellierung & Diagramme/UML: Aktivitätsdiagramm/_ghtml_token_runner.html	direct	databases/Teil02 FIAE/database/Modellierung & Diagramme/UML: Aktivitätsdiagramm/__dokumentation/__02_plans/__sequence_diagram.puml
databases/Teil02 FIAE/database/Modellierung & Diagramme/UML: Klassdiagramm	databases/Teil02 FIAE/database/Modellierung & Diagramme/UML: Klassdiagramm/_ghtml_attribute_scanner.html	direct	databases/Teil02 FIAE/database/Modellierung & Diagramme/UML: Klassdiagramm/__dokumentation/__02_plans/__sequence_diagram.puml
databases/Teil02 FIAE/database/Modellierung & Diagramme/UML: Sequenzdiagramm	databases/Teil02 FIAE/database/Modellierung & Diagramme/UML: Sequenzdiagramm/_ghtml_sequence_order.html	direct	databases/Teil02 FIAE/database/Modellierung & Diagramme/UML: Sequenzdiagramm/__dokumentation/__02_plans/__sequence_diagram.puml
databases/Teil02 FIAE/database/Modellierung & Diagramme/UML: Use-Case-Diagramm	databases/Teil02 FIAE/database/Modellierung & Diagramme/UML: Use-Case-Diagramm/_ghtml_actor_match.html	direct	databases/Teil02 FIAE/database/Modellierung & Diagramme/UML: Use-Case-Diagramm/__dokumentation/__02_plans/__sequence_diagram.puml
databases/Teil02 FIAE/database/Modellierung & Diagramme/UML: Zustandsdiagramm	databases/Teil02 FIAE/database/Modellierung & Diagramme/UML: Zustandsdiagramm/_ghtml_state_machine.html	direct	databases/Teil02 FIAE/database/Modellierung & Diagramme/UML: Zustandsdiagramm/__dokumentation/__02_plans/__sequence_diagram.puml
